month,day,name,start_year,end_year
1,1,元日,1949,9999
2,11,建国記念の日,1967,9999
5,3,憲法記念日,1949,9999
5,5,こどもの日,1949,9999
11,3,文化の日,1948,9999
11,23,勤労感謝の日,1948,9999
1,15,成人の日,1949,1999
2,23,天皇誕生日,2020,9999
4,29,天皇誕生日,1949,1988
4,29,みどりの日,1989,2006
4,29,昭和の日,2007,9999
5,4,国民の休日,1988,2006
5,4,みどりの日,2007,9999
7,20,海の日,1996,2002
8,11,山の日,2016,9999
9,15,敬老の日,1966,2002
10,10,体育の日,1966,1999
12,23,天皇誕生日,1989,2018
4,10,皇太子明仁親王の結婚の儀,1959,1959
2,24,昭和天皇の大喪の礼,1989,1989
11,12,即位の礼正殿の儀,1990,1990
6,9,皇太子徳仁親王の結婚の儀,1993,1993
5,1,天皇即位の日,2019,2019
10,22,即位礼正殿の儀,2019,2019
